name,experience,companyAddress,salary,jobArea,description,jobLink,category,school,companyLink,company
"(IT公司/薪資福利佳/有機會轉成台積電正職) 台積電專案<em class=""b-txt--highlight"">JAVA工程師 HCS_1166",經歷不拘,新竹市台積電F12P4,"月薪50,000~60,000元",新竹市,"1.自動化程式軟體改善、開發；程式撰寫與維護
2.系統開發、維運以維持用戶操作
3.負責需求架構細部分析及程式開發
4.運用",http://www.104.com.tw/job/744ih?keyword=java&amp;area=6001001000%252C6001002000&amp;page=25&amp;jobsource=jolist_a_relevance,java,大學,//www.104.com.tw/company/1303ngy0?jobsource=jolist_a_relevance,['104人力銀行_一零四資訊科技股份有限公司']
"資深 <em class=""b-txt--highlight"">Java軟體工程師",3年以上,台北市松山區八德路四段306號9樓,"月薪50,000~100,000元",台北市松山區,需能依客戶需求，撰寫SA/SD文件，並能獨立開發專案,http://www.104.com.tw/job/5pnr3?keyword=java&amp;area=6001001000%252C6001002000&amp;page=25&amp;jobsource=jolist_a_relevance,java,大學,//www.104.com.tw/company/1a2x6bk7iw?jobsource=jolist_a_relevance,['104人力銀行_一零四資訊科技股份有限公司']
"軟體工程師(<em class=""b-txt--highlight"">Java)",1年以上,台北市南港區南港路三段50巷7號4樓,待遇面議,台北市南港區,1.熟悉 Javascript、jQuery、Ajax、XML、JSON 、,http://www.104.com.tw/job/6xipq?keyword=java&amp;area=6001001000%252C6001002000&amp;page=25&amp;jobsource=jolist_a_relevance,java,專科,//www.104.com.tw/company/b0vkysg?jobsource=jolist_a_relevance,['104人力銀行_一零四資訊科技股份有限公司']
"<em class=""b-txt--highlight"">Java軟體工程師(5SA04)",3年以上,新北市新店區寶中路119號3樓(231),待遇面議,新北市新店區,"1.設計並開發全集團使用的共用服務
2.前端使用 Vue.js，後端搭配 Spring Boot，後端開發為主要工作內容
3.AWS架構設計與管理",http://www.104.com.tw/job/54oh9?keyword=java&amp;area=6001001000%252C6001002000&amp;page=25&amp;jobsource=jolist_a_relevance,java,專科,//www.104.com.tw/company/12v3o7uw?jobsource=jolist_a_relevance,['104人力銀行_一零四資訊科技股份有限公司']
"<em class=""b-txt--highlight"">Java工程師-台北",2年以上,台北市內湖區,"月薪50,000元以上",台北市內湖區,"1.負責軟體之分析、設計以及程式撰寫。
2.規劃執行軟體架構及模組之設計，並控管軟體設計進度。
3.進行軟體之測試與修改。
4.規劃、執行與維護量產的產品。
5.協助研發軟體新技術與新工具。",http://www.104.com.tw/job/73p2m?keyword=java&amp;area=6001001000%252C6001002000&amp;page=25&amp;jobsource=jolist_a_relevance,java,專科,//www.104.com.tw/company/1a2x6ble7d?jobsource=jolist_a_relevance,['104人力銀行_一零四資訊科技股份有限公司']
"<em class=""b-txt--highlight"">java資深開發工程師(台北市士林區)",3年以上,台北市士林區中山北路六段90號9樓,待遇面議,台北市士林區,"1.倉儲管理相關應用系統開發及維運
-倉儲管理系統(WMS)
-手持設備應用系統 (Android APP)
-WMS與ERP、電商、配送資料交換
-管理分析報表及監控提醒系統

2.現場資訊作業流程精進及調整

3.新技術或自動化設備導入",http://www.104.com.tw/job/7503d?keyword=java&amp;area=6001001000%252C6001002000&amp;page=25&amp;jobsource=jolist_a_relevance,java,大學,//www.104.com.tw/company/lcp1uow?jobsource=jolist_a_relevance,['104人力銀行_一零四資訊科技股份有限公司']
"〔資訊〕<em class=""b-txt--highlight"">Java 程式設計師 (財富管理/高資產客戶管理相關系統)",3年以上,台北市內湖區舊宗路二段207號,待遇面議,台北市內湖區,"【工作內容】
1、境外 (香港&新加坡) 高資產客戶平台建置維運作業
2、境外 (香港&新加坡) 高資產客戶平台報表功能開發

【資格條件】
1、大學以上畢業
2、熟悉",http://www.104.com.tw/job/6q0ec?keyword=java&amp;area=6001001000%252C6001002000&amp;page=25&amp;jobsource=jolist_a_relevance,java,大學,//www.104.com.tw/company/13qvhzjs?jobsource=jolist_a_relevance,['104人力銀行_一零四資訊科技股份有限公司']
"資深軟體工程師(<em class=""b-txt--highlight"">Java)",5年以上,台北市內湖區民權東路六段15巷41號2樓,待遇面議,台北市內湖區,"基本要求：
1. Spring, Hibernate 開發經驗。
2. SQL Server T-SQL or Stored Procedure 開發經驗。
3. 主動積極、細心負責、有效率、配合度高、重視團隊合作。
4. 新技術與新工具的學習與導入。

工作內容：
1. 系統整合與資料串接(WebService、WebSocket、Socket、RMI)。
2. 系統底層模組的維護與改進。
3. 團隊版控使用 Git，並使用 Jenkins 做持續整合。",http://www.104.com.tw/job/6ot83?keyword=java&amp;area=6001001000%252C6001002000&amp;page=25&amp;jobsource=jolist_a_relevance,java,專科,//www.104.com.tw/company/1a2x6bjlcp?jobsource=jolist_a_relevance,['104人力銀行_一零四資訊科技股份有限公司']
"<em class=""b-txt--highlight"">Java Developer",經歷不拘,台北市大安區忠孝東路四段59號,"月薪60,000~120,000元",台北市大安區,"1. 負責軟體之分析、設計以及程式撰寫。
2. 規劃執行軟體架構及模組之設計，並控管軟體設計進度。
3. 進行軟體之測試與修改。
4. 規劃、執行與維護量產的產品。
5. 協助研發軟體新技術與新工具。
6. 管控軟體開發成本。
",http://www.104.com.tw/job/76os4?keyword=java&amp;area=6001001000%252C6001002000&amp;page=25&amp;jobsource=jolist_a_relevance,java,學歷不拘,//www.104.com.tw/company/1a2x6blhl4?jobsource=jolist_a_relevance,['104人力銀行_一零四資訊科技股份有限公司']
"Junior <em class=""b-txt--highlight"">JAVA 軟體工程師",1年以上,台北市內湖區洲子街183號3樓,"年薪450,000~600,000元",台北市內湖區,"1. 0.5年plus 後端開發的工作經驗。(依學經歷敘薪)
2.Understood J2EE, ",http://www.104.com.tw/job/76wq8?keyword=java&amp;area=6001001000%252C6001002000&amp;page=25&amp;jobsource=jolist_a_relevance,java,大學,//www.104.com.tw/company/1a2x6bl6mw?jobsource=jolist_a_relevance,['104人力銀行_一零四資訊科技股份有限公司']
"[集團會員經營] 軟體開發工程師 <em class=""b-txt--highlight"">Java Engineer(數數發中心, DDT)",2年以上,台北市信義區松仁路7號,"月薪30,000~90,000元",台北市信義區,"1. Design, build, and maintain efficient, reusable, and reliable ",http://www.104.com.tw/job/6xz97?keyword=java&amp;area=6001001000%252C6001002000&amp;page=25&amp;jobsource=jolist_a_relevance,java,大學,//www.104.com.tw/company/wjct48g?jobsource=jolist_a_relevance,['104人力銀行_一零四資訊科技股份有限公司']
"(內湖總公司)  <em class=""b-txt--highlight"">JAVA程式設計師",經歷不拘,台北市內湖區新湖三路23號,待遇面議,台北市內湖區,"1.負責軟體之分析、設計以及程式撰寫。
2.規劃與執行軟體架構、模組設計，並控管軟體設計進度。
3.進行軟體之測試與修改。
4.協助研發軟體新技術與新工具。",http://www.104.com.tw/job/721ue?keyword=java&amp;area=6001001000%252C6001002000&amp;page=25&amp;jobsource=jolist_a_relevance,java,專科,//www.104.com.tw/company/152csdz4?jobsource=jolist_a_relevance,['104人力銀行_一零四資訊科技股份有限公司']
"[SW] <em class=""b-txt--highlight"">Java/Android Framework Programming Engineer",2年以上,新北市板橋區遠東路3號,待遇面議,新北市板橋區, ,http://www.104.com.tw/job/76iv9?keyword=java&amp;area=6001001000%252C6001002000&amp;page=25&amp;jobsource=jolist_a_relevance,java,專科,//www.104.com.tw/company/1a2x6bjruc?jobsource=jolist_a_relevance,['104人力銀行_一零四資訊科技股份有限公司']
"&lt;總部新專案>資訊部- Web程式設計師(C# / VB.NET / <em class=""b-txt--highlight"">Java)",1年以上,台北市內湖區堤頂大道一段331號5樓,"月薪35,000~65,000元",台北市內湖區,"庫串接與維護
5.數位行動應用：新的電商技術模組導入與開發並結合外部API

【職務條件】
1..NET / ",http://www.104.com.tw/job/6n2mu?keyword=java&amp;area=6001001000%252C6001002000&amp;page=25&amp;jobsource=jolist_a_relevance,java,專科,//www.104.com.tw/company/vyizvag?jobsource=jolist_a_relevance,['104人力銀行_一零四資訊科技股份有限公司']
"(資深) <em class=""b-txt--highlight"">Java程式設計師",經歷不拘,台北市松山區,"月薪40,000~80,000元",台北市松山區,"本職務提供您一個穩定發展以及自我實現的平台，除了高於同業的薪資水準之外，並依績效分享盈餘。邀請有企圖心的軟體人才加入我們，為實現自我價值一同打拼!

職務要求與工作內容:
1.大專以上，具備3年以上",http://www.104.com.tw/job/764ba?keyword=java&amp;area=6001001000%252C6001002000&amp;page=25&amp;jobsource=jolist_a_relevance,java,專科,//www.104.com.tw/company/1a2x6blghs?jobsource=jolist_a_relevance,['104人力銀行_一零四資訊科技股份有限公司']
"<em class=""b-txt--highlight"">Java 程式開發工程師",3年以上,桃園市龜山區文化二路188號3樓,待遇面議,桃園市龜山區,"1. EDI系統維護及開發
2. E-Commerce 系統程式開發",http://www.104.com.tw/job/72yw7?keyword=java&amp;area=6001001000%252C6001002000&amp;page=25&amp;jobsource=jolist_a_relevance,java,大學,//www.104.com.tw/company/7qfuky8?jobsource=jolist_a_relevance,['104人力銀行_一零四資訊科技股份有限公司']
"駐點工程師 GH210318 <em class=""b-txt--highlight"">Java PG壽險業",經歷不拘,台北市信義區101,"月薪60,000~90,000元",台北市信義區,"""主要語言為",http://www.104.com.tw/job/77r6x?keyword=java&amp;area=6001001000%252C6001002000&amp;page=25&amp;jobsource=jolist_a_relevance,java,高中,//www.104.com.tw/company/b63qis8?jobsource=jolist_a_relevance,['104人力銀行_一零四資訊科技股份有限公司']
"雲端平台 <em class=""b-txt--highlight"">JAVA 後端工程師",3年以上,台北市內湖區行愛路77巷16號4樓+7樓,待遇面議,台北市內湖區,我們正在尋找優秀的,http://www.104.com.tw/job/6txcg?keyword=java&amp;area=6001001000%252C6001002000&amp;page=25&amp;jobsource=jolist_a_relevance,java,專科,//www.104.com.tw/company/10vcwn74?jobsource=jolist_a_relevance,['104人力銀行_一零四資訊科技股份有限公司']
"資訊處_軟體工程師(<em class=""b-txt--highlight"">Java系統架構師 System Architect  )_汐止UTOWN",5年以上,新北市汐止區新台五路一段97號37樓,待遇面議,新北市汐止區,"工作內容 :
1、系統框架設計、整合、實作、驗證與導入。
2、對當前系統架構進行歸納和再設計，並發展高可用和高擴展基礎件和工具，以支持系統快速拓展和提高系統的可用性。
3、各階段環境建置規劃。
4、技術文件撰寫，製作系統分析、系統設計等文件。
5、新技術、新工具或新應用之研究、分享與導入評估。
6、開發過程中必要之技術溝通協調。
7. 負責培養程式開發及系統設計人員。
8. 審查專案程式以確保品質，以及資安和效能等要求。

其他職責包括：
1. 製訂系統設計要點、規範或設計文件樣本。
2. 製訂程式寫作風格及命名規則，並視需要建立參考範例。
3. 依據系統分析規格與程式語言特性來設計基礎架構及套件。
4. 建議專案之軟體開發方式及設計工具或標準。
5. 協助建立開發人員績效衡量標準。
6. 審查系統的設計文件及程式碼。
7. 審查系統的組件規劃及介面規格。
8. 訓練相關人員使用標準。
9. 配合專案所需技術方案搜尋、審查、測試及實做，以及其他需要的技術支援，如效能調校。
10. 管理共用的元件及設計規格，供日後專案使用。
11. 負責共用元件發行管理，確保專案使用正確的元件版本。",http://www.104.com.tw/job/71u5p?keyword=java&amp;area=6001001000%252C6001002000&amp;page=25&amp;jobsource=jolist_a_relevance,java,大學,//www.104.com.tw/company/at3fhmo?jobsource=jolist_a_relevance,['104人力銀行_一零四資訊科技股份有限公司']
"F-影音平台公司 運維工程師 /資深架構師 <em class=""b-txt--highlight"">Java",經歷不拘,柬埔寨金邊,"月薪130,000~300,000元",柬埔寨, ,http://www.104.com.tw/job/777pq?keyword=java&amp;area=6001001000%252C6001002000&amp;page=24&amp;jobsource=jolist_a_relevance,java,大學,//www.104.com.tw/company/1a2x6bk1d6?jobsource=jolist_a_relevance,['長川資訊股份有限公司']
"<em class=""b-txt--highlight"">JAVA 軟體工程師－台北",2年以上,台北市中山區德惠街7-1號(大同大學育成中心),"月薪38,000~50,000元",台北市中山區,"1.程式開發及維護。
2.具 WEB 程式開發經驗者佳。
3.熟悉javascript、jQuery...等前端技術者佳。
4.具MS-SQL操作及開發經驗者佳。",http://www.104.com.tw/job/610cc?keyword=java&amp;area=6001001000%252C6001002000&amp;page=24&amp;jobsource=jolist_a_relevance,java,專科,//www.104.com.tw/company/oaghplc?jobsource=jolist_a_relevance,['長川資訊股份有限公司']
"<em class=""b-txt--highlight"">Java程式設計師",經歷不拘,台北市南港區三重路19之11號E棟3樓,"月薪30,000~40,000元",台北市南港區,"宇萌創立以來一直致力於AR/VR/MR技術，我們開發的marq+AR平台擁有數百萬次用戶體驗，並且有豐富的AR應用與平台開發經驗。 

我們需要喜歡AR，身為程式設計師卻又有豐富想像力的你加入我們！如果你對",http://www.104.com.tw/job/3p8a1?keyword=java&amp;area=6001001000%252C6001002000&amp;page=24&amp;jobsource=jolist_a_relevance,java,大學,//www.104.com.tw/company/de3ybl4?jobsource=jolist_a_relevance,['長川資訊股份有限公司']
"Backend Developer | <em class=""b-txt--highlight"">Java 後端工程師",3年以上,台北市內湖區洲子街57號6樓,待遇面議,台北市內湖區,"- Communicate with Frontend Developer, Mobile Developer, PM and QA.
- Analyze requirement and help to deliver development specs and plans.
- Continuously improving product and code.",http://www.104.com.tw/job/5y6w4?keyword=java&amp;area=6001001000%252C6001002000&amp;page=24&amp;jobsource=jolist_a_relevance,java,大學,//www.104.com.tw/company/1a2x6bkc6a?jobsource=jolist_a_relevance,['長川資訊股份有限公司']
"<em class=""b-txt--highlight"">Java Developer 研發工程師",1年以上,台北市中山區長安東路一段18號6F,"月薪40,000~60,000元",台北市中山區,"成長的最佳人選。

1. 一年以上",http://www.104.com.tw/job/703tk?keyword=java&amp;area=6001001000%252C6001002000&amp;page=24&amp;jobsource=jolist_a_relevance,java,大學,//www.104.com.tw/company/1a2x6bi3xl?jobsource=jolist_a_relevance,['長川資訊股份有限公司']
"<em class=""b-txt--highlight"">Java程式設計師-1WS61S",3年以上,台北市大同區長安西路106號3樓,待遇面議,台北市大同區,"1.參與產品開發與專案建置相關工作。 
2.程式開發設計、系統驗證測試、Bug排除。 
3.客戶線上問題回覆。 ",http://www.104.com.tw/job/75stu?keyword=java&amp;area=6001001000%252C6001002000&amp;page=24&amp;jobsource=jolist_a_relevance,java,大學,//www.104.com.tw/company/al4fjs8?jobsource=jolist_a_relevance,['長川資訊股份有限公司']
"<em class=""b-txt--highlight"">Java Spring Boot 後端工程師",2年以上,台北市中山區中山北路二段112號4樓之7,待遇面議,台北市中山區,1. 具備,http://www.104.com.tw/job/73xzo?keyword=java&amp;area=6001001000%252C6001002000&amp;page=24&amp;jobsource=jolist_a_relevance,java,專科,//www.104.com.tw/company/1a2x6blanp?jobsource=jolist_a_relevance,['長川資訊股份有限公司']
"資深<em class=""b-txt--highlight"">Java工程師 ( 疫情期间，在台工作)",3年以上,"菲律賓Ayala Avenue, Makati City",待遇面議,菲律賓,"【上班時間】
正常行政班09：30〜18：30
週休二日+菲律賓當地假期
           
【薪資福利】
1.，底薪+餐補+旅遊津貼且所有權生日，結婚，喪親津貼
2，年假20天，輪班職位有輪/夜班津貼
3，合法長期工作證，版權當地勞工福利，安全有保障
4，有員工宿舍，夜班交通車，員工教育培訓，醫療保險，當地銀行卡帳戶
5，保證年薪13個月

【工作內容】
1. 後端系統的開發、移除錯誤及測試。
2. 系統wiki的編寫和持續維護。
3. 配合項目進行系統分析及系統功能設計。
4. 分析系統性能，找出Root Cause並在與原系統基礎上進行優化。",http://www.104.com.tw/job/4v7hg?keyword=java&amp;area=6001001000%252C6001002000&amp;page=24&amp;jobsource=jolist_a_relevance,java,專科,//www.104.com.tw/company/1a2x6bih5k?jobsource=jolist_a_relevance,['長川資訊股份有限公司']
"<em class=""b-txt--highlight"">Java程式設計師",3年以上,台北市信義區,待遇面議,台北市信義區,"不動產客服系統升級
1.",http://www.104.com.tw/job/718sp?keyword=java&amp;area=6001001000%252C6001002000&amp;page=24&amp;jobsource=jolist_a_relevance,java,學歷不拘,//www.104.com.tw/company/1a2x6bkrky?jobsource=jolist_a_relevance,['長川資訊股份有限公司']
"[日文]<em class=""b-txt--highlight"">Java軟體工程師",經歷不拘,新北市新店區北新路一段293號4樓之5,"月薪35,000~52,000元",新北市新店區,"【工作內容】
1.專案客制化需求開發。 
2.與外部系統整合如 Line 、FB臉書或客戶系統資料串接 Webservice、Socket、RESTful-API等。",http://www.104.com.tw/job/6qqgl?keyword=java&amp;area=6001001000%252C6001002000&amp;page=24&amp;jobsource=jolist_a_relevance,java,專科,//www.104.com.tw/company/wbpdue0?jobsource=jolist_a_relevance,['長川資訊股份有限公司']
"<em class=""b-txt--highlight"">Java Backend Developer 後端工程師",3年以上,台北市松山區,待遇面議,台北市松山區,"與使用者的負面體驗，不中斷商業運營與服務。

基本資格  Qualification
1.三年",http://www.104.com.tw/job/6945y?keyword=java&amp;area=6001001000%252C6001002000&amp;page=24&amp;jobsource=jolist_a_relevance,java,大學,//www.104.com.tw/company/ojonwyo?jobsource=jolist_a_relevance,['長川資訊股份有限公司']
"微風數位時代-雲端軟體技術資深工程師(<em class=""b-txt--highlight"">Java)",3年以上,台北市信義區忠孝東路五段68號,待遇面議,台北市信義區,"1.	依據產品需求進行系統分析、系統設計、程式開發；可獨立完成代碼編寫，根據開發計劃，保證開發進度和品質。
2.	負責後台系統及接口的開發工作，即時解決專案內涉及到的技術問題。
3.	設計及開發安全、穩定、高性能、高併發軟體。
4.	即時反應並處理線上問題，保障業務的穩定運作。
5.	負責運用 design pattern 對軟體持續進行 refactoring。
6.	研發軟體新技術與新工具，持續提升程式碼品質，及投入創新技術和解決方案。
7.	熟悉 Spring，SpringBoot，Spring Cloud，Hibernate，Memcached 等常見開源架構。
8.	熟練應用MySQL資料庫，熟悉MySQL調優技巧。
9.	熟悉AWS，Azure等雲端環境操作，並有應用容器技術於微服務架構之經驗。
10.	團隊合作（與PM/SA/前端/QA）及良好溝通能力。
11.	善於溝通，理性接受批評與意見。",http://www.104.com.tw/job/6s6fp?keyword=java&amp;area=6001001000%252C6001002000&amp;page=24&amp;jobsource=jolist_a_relevance,java,大學,//www.104.com.tw/company/153sv9cg?jobsource=jolist_a_relevance,['長川資訊股份有限公司']
"<em class=""b-txt--highlight"">JAVA後端工程師",2年以上,台北市松山區復興南路一段27號8F,待遇面議,台北市松山區,"1. Web application 需求後端開發
2. 產品維護與需求開發
3. 針對需求可提出解決方案與技術可行性評估
4. 開發流程文件撰寫
5. 日常運作支持",http://www.104.com.tw/job/6yyom?keyword=java&amp;area=6001001000%252C6001002000&amp;page=24&amp;jobsource=jolist_a_relevance,java,專科,//www.104.com.tw/company/1a2x6bl676?jobsource=jolist_a_relevance,['長川資訊股份有限公司']
"軟體設計工程師(<em class=""b-txt--highlight"">JAVA)-汐止",2年以上,新北市汐止區,待遇面議,新北市汐止區,程式設計，需有,http://www.104.com.tw/job/6yohf?keyword=java&amp;area=6001001000%252C6001002000&amp;page=24&amp;jobsource=jolist_a_relevance,java,專科,//www.104.com.tw/company/18pirlm8?jobsource=jolist_a_relevance,['長川資訊股份有限公司']
"資深 <em class=""b-txt--highlight"">Java Backend 開發工程師",經歷不拘,台北市信義區信義路五段7號15樓B室 (台北101),待遇面議,台北市信義區,"1.參與專案的設計、開發、文檔書寫等過程，主要負責遊戲對內或對外相關後台系統的開發
2.追蹤並解決系統的BUG和資料異常
3.資料庫規劃操作維護

工作要求：
1.熟練使用",http://www.104.com.tw/job/670gu?keyword=java&amp;area=6001001000%252C6001002000&amp;page=24&amp;jobsource=jolist_a_relevance,java,學歷不拘,//www.104.com.tw/company/1a2x6bjyqi?jobsource=jolist_a_relevance,['長川資訊股份有限公司']
"Software Engineer(ASP.NET/C#/JSP/<em class=""b-txt--highlight"">Java)",1年以上,新北市土城區自由街2號,待遇面議,新北市土城區,"1.PDM系統開發/維護/管理
2.工管資料庫開發/維護/管理
3.CAD工程軟體維護技術支援",http://www.104.com.tw/job/6j74i?keyword=java&amp;area=6001001000%252C6001002000&amp;page=24&amp;jobsource=jolist_a_relevance,java,大學,//www.104.com.tw/company/1a2x6bkbyd?jobsource=jolist_a_relevance,['長川資訊股份有限公司']
"<em class=""b-txt--highlight"">java 後端工程師助理",經歷不拘,台中市南屯區東興路二段186號8樓之2,"月薪32,000~40,000元",台中市南屯區,"-熟悉JavaScript、HTML、CSS等WEB前端技術。 
-熟練使用spring，spring MVC等開源框架。 
-熟悉B/S架構。",http://www.104.com.tw/job/70m2j?keyword=java&amp;area=6001001000%252C6001002000&amp;page=24&amp;jobsource=jolist_a_relevance,java,大學,//www.104.com.tw/company/1a2x6bl7xu?jobsource=jolist_a_relevance,['長川資訊股份有限公司']
"資深<em class=""b-txt--highlight"">Java程式設計師",5年以上,台北市南港區忠孝東路6段21號7樓之1,待遇面議,台北市南港區," Container Service + Kubernetes) 雲端平台的微服務系統

工作內容
	開發 RESTful API microservice 系統
	撰寫高效的 Unit Test 程式
	熟悉 ",http://www.104.com.tw/job/4thss?keyword=java&amp;area=6001001000%252C6001002000&amp;page=24&amp;jobsource=jolist_a_relevance,java,專科,//www.104.com.tw/company/152ckz00?jobsource=jolist_a_relevance,['長川資訊股份有限公司']
"【數銀】<em class=""b-txt--highlight"">Java Developer - MMB 行動銀行(數數發中心，DDT)",3年以上,台北市信義區,待遇面議,台北市信義區," become users' everyday financial companion.
We are seeking a ",http://www.104.com.tw/job/6l6hl?keyword=java&amp;area=6001001000%252C6001002000&amp;page=24&amp;jobsource=jolist_a_relevance,java,大學,//www.104.com.tw/company/1xzkino?jobsource=jolist_a_relevance,['長川資訊股份有限公司']
"(後台系統開發)<em class=""b-txt--highlight"">Java工程師",經歷不拘,台北市內湖區,"月薪50,000元以上",台北市內湖區,1、5年基於,http://www.104.com.tw/job/77ask?keyword=java&amp;area=6001001000%252C6001002000&amp;page=24&amp;jobsource=jolist_a_relevance,java,專科,//www.104.com.tw/company/1a2x6bl8xj?jobsource=jolist_a_relevance,['長川資訊股份有限公司']
"<em class=""b-txt--highlight"">JAVA後端工程師",2年以上,台北市松山區八德路三段2號6樓,待遇面議,台北市松山區,"1.喜歡寫程式，喜歡解決問題的成就感。
2.使用",http://www.104.com.tw/job/75gi2?keyword=java&amp;area=6001001000%252C6001002000&amp;page=23&amp;jobsource=jolist_a_relevance,java,專科,//www.104.com.tw/company/1a2x6blf2u?jobsource=jolist_a_relevance,['瞬聯科技股份有限公司']
"後端<em class=""b-txt--highlight"">JAVA工程師",3年以上,台北市中山區中山北路二段84巷1號12樓,"月薪45,000~100,000元",台北市中山區,"1.依照用戶需求進行分析、設計進行後端服務器邏輯撰寫。
2.規劃執行後端服務器架構及模組之設計。
3.後端服務器邏輯測試、維護。",http://www.104.com.tw/job/6oo9n?keyword=java&amp;area=6001001000%252C6001002000&amp;page=23&amp;jobsource=jolist_a_relevance,java,學歷不拘,//www.104.com.tw/company/1a2x6bkuv0?jobsource=jolist_a_relevance,['瞬聯科技股份有限公司']
"【IT】Senior <em class=""b-txt--highlight"">Java programmer",4年以上,新北市汐止區新台五路一段88號8樓(221),待遇面議,新北市汐止區,"1.Develop programs and unit test
2.Support programs integration test
3.Daily operation support and Issue tracking
4.Analyze technical issues / trouble shooting",http://www.104.com.tw/job/6yhhy?keyword=java&amp;area=6001001000%252C6001002000&amp;page=23&amp;jobsource=jolist_a_relevance,java,大學,//www.104.com.tw/company/9kgoqw8?jobsource=jolist_a_relevance,['瞬聯科技股份有限公司']
"（台北）<em class=""b-txt--highlight"">Java後端工程師 <em class=""b-txt--highlight"">Java Backend Engineer",3年以上,台北市松山區,待遇面議,台北市松山區,"1、產品需求開發
2、日常監控維護、問題追蹤及排除
3、解決客服遞交問題
4、其他交辦事項

*****福利好/獎金優/保障完整*****

1、全額薪：免勞健保自付額，公司全額補貼。
2、特休加碼：到職即享10日，逐年增加2日，上限30日。
3、炫配：配發macbook、iphone。
4、每日小確幸：免費飲品、現磨咖啡、零食點心櫃、水果切盤、下午茶。
5、休息再出發：休閒設備，飛鏢機、按摩椅等。
6、健康無價：每年全薪病假10日、團體健康檢查。
7、獎金：季績效獎金+年終獎金。
8、禮金：三節禮金、生日禮金、結婚禮金、生育津貼、住院慰問金。
9、歡聚：員工旅遊、尾牙、慶生會、不定期聚餐、戶外活動、運動日。

*****挑戰百萬年薪，期待您的加入*****",http://www.104.com.tw/job/6yjyj?keyword=java&amp;area=6001001000%252C6001002000&amp;page=23&amp;jobsource=jolist_a_relevance,java,專科,//www.104.com.tw/company/1a2x6bkcn7?jobsource=jolist_a_relevance,['瞬聯科技股份有限公司']
"CI-<em class=""b-txt--highlight"">Java Software Engineer",1年以上,台北市大安區和平東路二段339號6樓(106),待遇面議,台北市大安區,"在訊真，你不會被太多組織、制度上的雜事纏擾，你能單純的coding和享受解決難題的刺激感。我們可以說，你會在訊真找到最理想的Engineer工作環境！
歡迎來訊真找高手切磋，讓我們在你心中對軟體的熱忱再加把火吧！

1. 分析, 設計, 與實作大型軟體專案以及企業級後端系統
2. 完整參與大型後端系統之開發過程
3. 與工程團隊合作解決後端系統難題

1. Analyze, design and implement enterprise-level backend systems and softwares.
2. Participate in the full life cycle of developing complex, high performance and robust backend systems.
3. Work with the engineering team to solve difficult backend problems. ",http://www.104.com.tw/job/73jup?keyword=java&amp;area=6001001000%252C6001002000&amp;page=23&amp;jobsource=jolist_a_relevance,java,大學,//www.104.com.tw/company/1a2x6ble2t?jobsource=jolist_a_relevance,['瞬聯科技股份有限公司']
"<em class=""b-txt--highlight"">Java軟體工程師(台中)",經歷不拘,台中市西屯區台灣大道四段936號5樓之2(世貿聯盟大樓),"月薪30,000~50,000元",台中市西屯區,"1.雲端服務開發。
2.專案客制化需求開發。
3.與外部系統整合如 Line 、FB臉書或客戶系統資料串接 Webservice、Socket、RESTful-API等。
4.熟悉JSP(JSTL、EL、Servlet)、JavaScript (prototype、jQuery)、AJAX、HTML5、CSS等前端開發技術
5.良好的溝通與表達能力，同時致力於團隊協同工作 ",http://www.104.com.tw/job/4z5qt?keyword=java&amp;area=6001001000%252C6001002000&amp;page=23&amp;jobsource=jolist_a_relevance,java,大學,//www.104.com.tw/company/wbpdue0?jobsource=jolist_a_relevance,['瞬聯科技股份有限公司']
"科技金融_軟體工程師(個金開放平台<em class=""b-txt--highlight"">JAVA)",3年以上,台北市南港區經貿二路168號,待遇面議,台北市南港區,"1.銀行個人金融相關系統開發，需求訪談及需求規格撰寫(包含行動銀行、網路銀行、財富管理、電子商務、分行、支付、金流、客服、ATM、APP等相關系統)。
2.業務分析與系統設計及應用系統軟體之測試與修改。
3.配合業務需求進行專案管理。
4.上線後之支援以及負責新進資訊人員業務功能訓練。
5.規劃、執行與維護量產的軟體。",http://www.104.com.tw/job/3sruf?keyword=java&amp;area=6001001000%252C6001002000&amp;page=23&amp;jobsource=jolist_a_relevance,java,大學,//www.104.com.tw/company/1ew38w0?jobsource=jolist_a_relevance,['瞬聯科技股份有限公司']
"雲端平台<em class=""b-txt--highlight"">JAVA後端 助理工程師",1年以上,台北市內湖區行愛路77巷16號7樓,"月薪30,000元以上",台北市內湖區,我們正在尋找優秀的,http://www.104.com.tw/job/6v618?keyword=java&amp;area=6001001000%252C6001002000&amp;page=23&amp;jobsource=jolist_a_relevance,java,專科,//www.104.com.tw/company/10vcwn74?jobsource=jolist_a_relevance,['瞬聯科技股份有限公司']
"<em class=""b-txt--highlight"">Java程式設計師(台北)",2年以上,台北市大安區復興南路一段303號8樓,待遇面議,台北市大安區,程式開發及測試,http://www.104.com.tw/job/3wyfl?keyword=java&amp;area=6001001000%252C6001002000&amp;page=23&amp;jobsource=jolist_a_relevance,java,學歷不拘,//www.104.com.tw/company/7hlkrgw?jobsource=jolist_a_relevance,['瞬聯科技股份有限公司']
"<em class=""b-txt--highlight"">Java程式設計師 (IT)",經歷不拘,新北市中和區中正路738號14樓,"月薪32,000~45,000元",新北市中和區,"【工作內容】
1.根據新平台之功能規格，參與系統設計、開發、測試和上線等工作
2.維護並修改/移植現行系統

我們將提供良好的在職訓練環境，可學習最新技術與架構設計，期待對程式開發有熱忱的你們加入.",http://www.104.com.tw/job/36nji?keyword=java&amp;area=6001001000%252C6001002000&amp;page=23&amp;jobsource=jolist_a_relevance,java,大學,//www.104.com.tw/company/12tgftnk?jobsource=jolist_a_relevance,['瞬聯科技股份有限公司']
"培訓軟體工程師(<em class=""b-txt--highlight"">JAVA)",經歷不拘,台北市松山區敦化北路207號8F-13,"月薪28,000~35,000元",台北市松山區,"- 對程式開發及軟體工程具有熱情，願意嘗試新技術及架構者。
- 資工/資管、理工相關科系畢業尤佳，無經驗可。
- 歡迎本年度應屆/屆退畢業生加入。
- 提供完整的",http://www.104.com.tw/job/5e84q?keyword=java&amp;area=6001001000%252C6001002000&amp;page=23&amp;jobsource=jolist_a_relevance,java,專科,//www.104.com.tw/company/cnz7pa8?jobsource=jolist_a_relevance,['瞬聯科技股份有限公司']
"Senior <em class=""b-txt--highlight"">Java程式設計師 (IT)",3年以上,新北市中和區中正路738號14樓,待遇面議,新北市中和區,"【工作內容】
1.根據新平台之功能規格，參與系統設計、開發、測試和上線等工作
2.維護並修改/移植現行系統

我們將提供良好的在職訓練環境，可學習最新技術與架構設計，期待對程式開發有熱忱的你們加入.",http://www.104.com.tw/job/6g0bn?keyword=java&amp;area=6001001000%252C6001002000&amp;page=23&amp;jobsource=jolist_a_relevance,java,大學,//www.104.com.tw/company/12tgftnk?jobsource=jolist_a_relevance,['瞬聯科技股份有限公司']
"<em class=""b-txt--highlight"">Java工程師-台中",1年以上,台中市西區,"月薪50,000元以上",台中市西區,"1.負責軟體之分析、設計以及程式撰寫。
2.規劃執行軟體架構及模組之設計，並控管軟體設計進度。
3.進行軟體之測試與修改。
4.規劃、執行與維護量產的產品。
5.協助研發軟體新技術與新工具。",http://www.104.com.tw/job/774mx?keyword=java&amp;area=6001001000%252C6001002000&amp;page=23&amp;jobsource=jolist_a_relevance,java,專科,//www.104.com.tw/company/1a2x6ble7d?jobsource=jolist_a_relevance,['瞬聯科技股份有限公司']
"大數據/<em class=""b-txt--highlight"">JAVA工程師-(Data/<em class=""b-txt--highlight"">JAVA Engineer)-台北",1年以上,台北市中正區,待遇面議,台北市中正區,"1. 開發與維護線上申辦及管理平台.
2. 依專案需求調整開發工作內容.",http://www.104.com.tw/job/5r35i?keyword=java&amp;area=6001001000%252C6001002000&amp;page=23&amp;jobsource=jolist_a_relevance,java,大學,//www.104.com.tw/company/7lka688?jobsource=jolist_a_relevance,['瞬聯科技股份有限公司']
"IT系統分析師(<em class=""b-txt--highlight"">JAVA)",3年以上,台北市信義區,待遇面議,台北市信義區,"1. 負責系統分析、程式設計、開發及測試等業務。
2. 負責廠商交付之系統文件、架構、程式均能符合公司之標準及品質。",http://www.104.com.tw/job/6hxfx?keyword=java&amp;area=6001001000%252C6001002000&amp;page=23&amp;jobsource=jolist_a_relevance,java,專科,//www.104.com.tw/company/1jjquiw?jobsource=jolist_a_relevance,['瞬聯科技股份有限公司']
"資深<em class=""b-txt--highlight"">Java軟體工程師",3年以上,新北市新店區北新路一段293號4樓之5,"月薪45,000~80,000元",新北市新店區,"1.專案客制化需求開發。
2.產品研發開發。
3.與外部系統整合如 Line 、FB、或客戶系統資料串接 Webservice、Socket、RESTful-API等。
4.效能、疑難雜症等處理。
5.系統架構規劃。
6.技術支援。",http://www.104.com.tw/job/666ha?keyword=java&amp;area=6001001000%252C6001002000&amp;page=23&amp;jobsource=jolist_a_relevance,java,專科,//www.104.com.tw/company/wbpdue0?jobsource=jolist_a_relevance,['瞬聯科技股份有限公司']
"<em class=""b-txt--highlight"">JAVA軟體後端開發工程師",經歷不拘,台北市松山區捷運南京三民站,待遇面議,台北市松山區,"【工作概述】
主要負責完成公司承接的軟體程式開發案及後續更新維護等工作。
對金融交易有高度興趣者，歡迎加入我們的行列，共同創造高效能、穩定、業界最好的金融交易系統。

1. 會員中心功能開發與維護
2. 交易系統、支付金流功能的開發與維護
3. 建立自動化測試功能
4. 跨部門需求溝通與確認
5. 編寫技術文檔 ",http://www.104.com.tw/job/73ig5?keyword=java&amp;area=6001001000%252C6001002000&amp;page=23&amp;jobsource=jolist_a_relevance,java,大學,//www.104.com.tw/company/1a2x6ble10?jobsource=jolist_a_relevance,['瞬聯科技股份有限公司']
"<em class=""b-txt--highlight"">JAVA程式設計師/系統分析師(20060303B)",3年以上,台北市中山區德惠街9號5樓,待遇面議,台北市中山區,"1.系統分析、程式撰寫、測試、製作系統文件；
2.技術探索，問題分析與解決；
3.與熱血工程師一起合作。",http://www.104.com.tw/job/6yjpf?keyword=java&amp;area=6001001000%252C6001002000&amp;page=23&amp;jobsource=jolist_a_relevance,java,大學,//www.104.com.tw/company/aavnrjk?jobsource=jolist_a_relevance,['瞬聯科技股份有限公司']
"<em class=""b-txt--highlight"">JAVA程式設計師-B17E",1年以上,台中市西屯區台灣大道三段660號6F,"月薪32,000~38,000元",台中市西屯區,"1.政府RWD網站開發
2.無障礙網頁設計
3.政府網站維護",http://www.104.com.tw/job/775rh?keyword=java&amp;area=6001001000%252C6001002000&amp;page=23&amp;jobsource=jolist_a_relevance,java,專科,//www.104.com.tw/company/18pcqfps?jobsource=jolist_a_relevance,['瞬聯科技股份有限公司']
"<em class=""b-txt--highlight"">Java Developer",1年以上,廣東省深圳市天安云谷,"月薪60,000~110,000元",廣東省深圳市,"Treasury Unified Portal Backend Developer, Technology & Operations 

About the job:
 
We are looking for ",http://www.104.com.tw/job/77stc?keyword=java&amp;area=6001001000%252C6001002000&amp;page=23&amp;jobsource=jolist_a_relevance,java,專科,//www.104.com.tw/company/7k1pvq0?jobsource=jolist_a_relevance,['瞬聯科技股份有限公司']
"JI4001-全端高級工程師(<em class=""b-txt--highlight"">Java)-新竹區展業廠",2年以上,新竹市新竹科學園區展業一路10號,待遇面議,新竹市,"企業內部Web 及 App 系統開發與維護
(1)   ",http://www.104.com.tw/job/2i0m3?keyword=java&amp;area=6001001000%252C6001002000&amp;page=22&amp;jobsource=jolist_a_relevance,java,大學,//www.104.com.tw/company/7ere2lk?jobsource=jolist_a_relevance,['台灣大哥大股份有限公司']
"【研發替代役】<em class=""b-txt--highlight"">Java軟體設計工程師",經歷不拘,桃園市八德區興豐路1899號,待遇面議,桃園市八德區, with ,http://www.104.com.tw/job/72c4k?keyword=java&amp;area=6001001000%252C6001002000&amp;page=22&amp;jobsource=jolist_a_relevance,java,碩士,//www.104.com.tw/company/5uisvbc?jobsource=jolist_a_relevance,['台灣大哥大股份有限公司']
"<em class=""b-txt--highlight"">JAVA 軟體工程師",3年以上,台北市中正區許昌街17號18樓之1,待遇面議,台北市中正區,"1.產險核心及週邊系統開發、測試及維護。 
2.依據分析文件完成軟體程式開發。
3.進行軟體之測試與修改。
4.協助新技術的引進及系統優化。
5.梳理業務需求並予以文件規格化。",http://www.104.com.tw/job/64m1u?keyword=java&amp;area=6001001000%252C6001002000&amp;page=22&amp;jobsource=jolist_a_relevance,java,大學,//www.104.com.tw/company/cu23by8?jobsource=jolist_a_relevance,['台灣大哥大股份有限公司']
"駐點工程師 EL210206 <em class=""b-txt--highlight"">Java(PG)",經歷不拘,台北市中山區,"月薪60,000~90,000元",台北市中山區,1.      ,http://www.104.com.tw/job/77iam?keyword=java&amp;area=6001001000%252C6001002000&amp;page=22&amp;jobsource=jolist_a_relevance,java,專科,//www.104.com.tw/company/b63qis8?jobsource=jolist_a_relevance,['台灣大哥大股份有限公司']
"I109 <em class=""b-txt--highlight"">Java電商平台開發工程師",2年以上,台北市大安區,"月薪31,000~53,000元",台北市大安區,"負責行銷社交網站之開發建置及維護

【薪資待遇】：月薪31,000元-53,000元，依績效另有豐厚年終獎金與員工紅利。",http://www.104.com.tw/job/70twu?keyword=java&amp;area=6001001000%252C6001002000&amp;page=22&amp;jobsource=jolist_a_relevance,java,大學,//www.104.com.tw/company/18n48ptc?jobsource=jolist_a_relevance,['台灣大哥大股份有限公司']
"<em class=""b-txt--highlight"">Java Engineer/Programmer：<em class=""b-txt--highlight"">Java軟體設計師",經歷不拘,台北市南港區忠孝東路六段21號6樓,"月薪35,000~60,000元",台北市南港區,"【職務說明】
1.運用",http://www.104.com.tw/job/619hp?keyword=java&amp;area=6001001000%252C6001002000&amp;page=22&amp;jobsource=jolist_a_relevance,java,大學,//www.104.com.tw/company/10z7cuiw?jobsource=jolist_a_relevance,['台灣大哥大股份有限公司']
"<em class=""b-txt--highlight"">Java Web 開發工程師",1年以上,高雄市新興區民生一路56號 25F-1,"月薪30,000~45,000元",高雄市新興區,1. 懂,http://www.104.com.tw/job/5uxin?keyword=java&amp;area=6001001000%252C6001002000&amp;page=22&amp;jobsource=jolist_a_relevance,java,專科,//www.104.com.tw/company/1a2x6bjgb8?jobsource=jolist_a_relevance,['台灣大哥大股份有限公司']
"<em class=""b-txt--highlight"">Java 程式設計師",經歷不拘,台中市南屯區(依照公司規定分派),"月薪35,000~50,000元",台中市南屯區,1.,http://www.104.com.tw/job/6xs13?keyword=java&amp;area=6001001000%252C6001002000&amp;page=22&amp;jobsource=jolist_a_relevance,java,專科,//www.104.com.tw/company/1a2x6bl7at?jobsource=jolist_a_relevance,['台灣大哥大股份有限公司']
"<em class=""b-txt--highlight"">JAVA開發工程師",3年以上,台中市西屯區市政北二路282號5樓之2,"月薪40,000~80,000元",台中市西屯區,學以上學歷，三年以上,http://www.104.com.tw/job/74unw?keyword=java&amp;area=6001001000%252C6001002000&amp;page=22&amp;jobsource=jolist_a_relevance,java,大學,//www.104.com.tw/company/1a2x6blc33?jobsource=jolist_a_relevance,['台灣大哥大股份有限公司']
"<em class=""b-txt--highlight"">Java 系統設計師 (台北)",3年以上,台北市內湖區,待遇面議,台北市內湖區,"【Job Responsibilities】
1. 負責軟體系統需求，並針對需求進行系統架構規畫、分析與設計",http://www.104.com.tw/job/5haur?keyword=java&amp;area=6001001000%252C6001002000&amp;page=22&amp;jobsource=jolist_a_relevance,java,專科,//www.104.com.tw/company/cqcrfnk?jobsource=jolist_a_relevance,['台灣大哥大股份有限公司']
"駐點工程師 EL210221 <em class=""b-txt--highlight"">Java SD",3年以上,台北市松山區,"月薪60,000~90,000元",台北市松山區,"1. 熟Angular
2. 三年以上工作經驗 3.熟",http://www.104.com.tw/job/77ih4?keyword=java&amp;area=6001001000%252C6001002000&amp;page=22&amp;jobsource=jolist_a_relevance,java,高中,//www.104.com.tw/company/b63qis8?jobsource=jolist_a_relevance,['台灣大哥大股份有限公司']
"Sr. Backend Developer 資深後端工程師(<em class=""b-txt--highlight"">Java)",5年以上,台北市中山區民生東路三段69號15樓,待遇面議,台北市中山區,"【職務要求必要項目 Job Requirement】
・",http://www.104.com.tw/job/6ndav?keyword=java&amp;area=6001001000%252C6001002000&amp;page=22&amp;jobsource=jolist_a_relevance,java,學歷不拘,//www.104.com.tw/company/1a2x6bkwic?jobsource=jolist_a_relevance,['台灣大哥大股份有限公司']
"MIS ERP/MIS <em class=""b-txt--highlight"">JAVA軟體設計工程師/高級工程師",3年以上,桃園市平鎮區平鎮工業區工業六路4號,待遇面議,桃園市平鎮區,建置維運經驗或熟,http://www.104.com.tw/job/6jmh3?keyword=java&amp;area=6001001000%252C6001002000&amp;page=22&amp;jobsource=jolist_a_relevance,java,大學,//www.104.com.tw/company/9qotw3c?jobsource=jolist_a_relevance,['台灣大哥大股份有限公司']
"駐點工程師 EL210220 <em class=""b-txt--highlight"">Java(PG)",經歷不拘,台北市信義區,"月薪60,000~90,000元",台北市信義區,"""<職務說明>
1. 負責開發/維護銀行主要APP後台核心系統
2. 與Scrum Team（包含PM、設計、Backend）共同努力完成每
㇐張 Backlog
<技術條件>
1.具３年以上",http://www.104.com.tw/job/77igi?keyword=java&amp;area=6001001000%252C6001002000&amp;page=22&amp;jobsource=jolist_a_relevance,java,高中,//www.104.com.tw/company/b63qis8?jobsource=jolist_a_relevance,['台灣大哥大股份有限公司']
"<em class=""b-txt--highlight"">Java工程師 (台中)",經歷不拘,台中市西屯區,待遇面議,台中市西屯區,"Do you love coding and want to be a top Software Engineer? Do you want to work on an exciting and promising future vision in the field of Artificial Intelligence and Machine Learning? Synergies is transforming and guiding how businesses make decisions via big data algorithm and analysis. We are an engineering-centric organization and we believe only top engineers can take us there. Join us and transform ourselves and businesses together. 

您想成為一名頂尖的軟體工程師嗎？ 您是否憧憬在人工智能和機器學習領域，跟一群同樣熱愛coding與演算法的團隊工作，Synergies擁有一群專業且熱忱的頂尖技術人員，所開發的產品透過大數據算法與分析，引領企業智能轉型，幫助企業加快決策。誠摯歡迎您的加入，開展令人興奮和充滿希望的願景，與Synergies一起改變世界

[職務內容]
主要負責伺服器平台上相關軟體與產品開發，實現產品功能，並確保軟體產品的效能、反應速度、穩定性和擴充性。

[責任]
1. 與團隊合作，設計規劃開發平台的整體架構
2. 提升解決方案的效能，穩定性，可擴充性和發展彈性
3. 與產品開發、專案支援以及QA等團隊密切合作，合作產出軟體產品
4. 熟悉Agile開發流程，並配合CI/CD，DevOps等開發模式
5. 能快速學習且適應變化，以滿足不斷改變的環境需求
6. 與團隊及外部合作夥伴保持良好的關係
7. 熟悉並運用雲相關的技術與服務
8. 支援Core Agile團隊的開發工作，例如幫助維護backlog, 優化, sprint planning, and sprint
9. 確保符合標準和開發的最佳方法，包括系統更新管理, 版本更新管理, 及程式碼管理

[要求]
- 資訊相關科系畢業 (碩士尤佳)
- 對技術有強烈熱情，有意願學新技術
- 能夠自我激勵並在無人監督下工作，能堅持主動完成任務
- 有資料處理和開發API的經驗
- 有資料庫設計和SQL方面的專業知識



",http://www.104.com.tw/job/6o8oc?keyword=java&amp;area=6001001000%252C6001002000&amp;page=22&amp;jobsource=jolist_a_relevance,java,專科,//www.104.com.tw/company/1a2x6bkl17?jobsource=jolist_a_relevance,['台灣大哥大股份有限公司']
"<em class=""b-txt--highlight"">Java 資深工程師",3年以上,台北市信義區松仁路89號2樓,待遇面議,台北市信義區,"歡迎對於金融領域有熱誠的朋友加入我們，在這裡你可以
1.接觸第一手的財經資訊與開發高併發行情處理系統。
2.使用雲端解決方案，開發大流量API服務。
3.跨部門合作，協調與制定技術規格。
",http://www.104.com.tw/job/71ka0?keyword=java&amp;area=6001001000%252C6001002000&amp;page=22&amp;jobsource=jolist_a_relevance,java,大學,//www.104.com.tw/company/wiquozk?jobsource=jolist_a_relevance,['台灣大哥大股份有限公司']
"Senior <em class=""b-txt--highlight"">Java 系統程式設計師",2年以上,台北市大安區,待遇面議,台北市大安區,◆熟,http://www.104.com.tw/job/46iu0?keyword=java&amp;area=6001001000%252C6001002000&amp;page=22&amp;jobsource=jolist_a_relevance,java,專科,//www.104.com.tw/company/1a2x6bivmc?jobsource=jolist_a_relevance,['台灣大哥大股份有限公司']
"〔資訊〕<em class=""b-txt--highlight"">JAVA 程式設計師 (分行應用系統)",1年以上,台北市內湖區舊宗路二段207號,待遇面議,台北市內湖區,"【工作內容】
以下各系統之維運，以及需求訪談/系統分析/設計/開發/測試與維護
1、帳戶連結扣款平台(Account LINK)
2、台幣媒體上傳系統

【資格條件】
1、熟悉 ",http://www.104.com.tw/job/6y670?keyword=java&amp;area=6001001000%252C6001002000&amp;page=22&amp;jobsource=jolist_a_relevance,java,專科,//www.104.com.tw/company/13qvhzjs?jobsource=jolist_a_relevance,['台灣大哥大股份有限公司']
"Senior <em class=""b-txt--highlight"">Java Engineer/Programmer：資深<em class=""b-txt--highlight"">Java軟體工程師",2年以上,台北市南港區忠孝東路六段21號6樓,"月薪50,000元以上",台北市南港區,"【職務說明】
1.與專案團隊合作準時達交客戶所需專案系統。
2.帶領PG進行",http://www.104.com.tw/job/619iu?keyword=java&amp;area=6001001000%252C6001002000&amp;page=22&amp;jobsource=jolist_a_relevance,java,大學,//www.104.com.tw/company/10z7cuiw?jobsource=jolist_a_relevance,['台灣大哥大股份有限公司']
"<em class=""b-txt--highlight"">Java後端工程師",2年以上,高雄市三民區博愛一路28號12樓,"月薪40,000元以上",高雄市三民區,"能力，對技術有熱情。

擅長工具：",http://www.104.com.tw/job/75sf3?keyword=java&amp;area=6001001000%252C6001002000&amp;page=22&amp;jobsource=jolist_a_relevance,java,專科,//www.104.com.tw/company/1a2x6bk79q?jobsource=jolist_a_relevance,['台灣大哥大股份有限公司']
"<em class=""b-txt--highlight"">Java技術經理(台北)【BU68-8-IQB】",5年以上,台北市內湖區堤頂大道二段475號10樓,"月薪45,000~70,000元",台北市內湖區,"1. 大型電子商務平台/內容管理平台的全端Web程式開發
2. 熟悉",http://www.104.com.tw/job/7589a?keyword=java&amp;area=6001001000%252C6001002000&amp;page=21&amp;jobsource=jolist_a_relevance,java,大學,//www.104.com.tw/company/12otq70g?jobsource=jolist_a_relevance,['烏龜移動科技股份有限公司']
"資深<em class=""b-txt--highlight"">Java工程師",3年以上,台北市中正區,"月薪50,000~70,000元",台北市中正區,"公司主要業務為政府專案系統開發和維護及自有產品銷售
經過多年的耕耘，公司在政府專案系統開發已有一定的口碑
隨著業務成長，公司需要更多優秀的人才，歡迎喜歡挑戰及參與大型專案的你

主要職務
1. 需求分析及設計
2. 系統開發
3. 既有系統維護
4. 主管交辦事項",http://www.104.com.tw/job/4ggi8?keyword=java&amp;area=6001001000%252C6001002000&amp;page=21&amp;jobsource=jolist_a_relevance,java,專科,//www.104.com.tw/company/cnec81k?jobsource=jolist_a_relevance,['烏龜移動科技股份有限公司']
"進階<em class=""b-txt--highlight"">Java軟體工程師(L)",3年以上,台北市南港區三重路19之13號6樓(115),待遇面議,台北市南港區,"1. 負責Web系統之設計、開發與維護
2. 系統整合、測試與技術文件製作",http://www.104.com.tw/job/6g9iq?keyword=java&amp;area=6001001000%252C6001002000&amp;page=21&amp;jobsource=jolist_a_relevance,java,專科,//www.104.com.tw/company/18mw4ku8?jobsource=jolist_a_relevance,['烏龜移動科技股份有限公司']
"Senior <em class=""b-txt--highlight"">Java 系統分析師",3年以上,台北市大安區復興南路一段133-1號5樓,待遇面議,台北市大安區,"◆溝通能力好
◆精熟Javascript and ",http://www.104.com.tw/job/49fx1?keyword=java&amp;area=6001001000%252C6001002000&amp;page=21&amp;jobsource=jolist_a_relevance,java,專科,//www.104.com.tw/company/1a2x6bivmc?jobsource=jolist_a_relevance,['烏龜移動科技股份有限公司']
"<em class=""b-txt--highlight"">Java後端工程師",3年以上,台北市松山區民權東路三段144號13樓1521室,待遇面議,台北市松山區,"【工作內容】:
後端數據介接，平台API，報表系統開發與維運。

【必要條件】:
＊ 熟悉",http://www.104.com.tw/job/5exgb?keyword=java&amp;area=6001001000%252C6001002000&amp;page=21&amp;jobsource=jolist_a_relevance,java,大學,//www.104.com.tw/company/1a2x6bjz66?jobsource=jolist_a_relevance,['烏龜移動科技股份有限公司']
"<em class=""b-txt--highlight"">Java 軟體工程師",經歷不拘,台北市內湖區瑞光路76巷59號2樓,待遇面議,台北市內湖區,"工作內容  
以 ",http://www.104.com.tw/job/4vuth?keyword=java&amp;area=6001001000%252C6001002000&amp;page=21&amp;jobsource=jolist_a_relevance,java,專科,//www.104.com.tw/company/dckyx3k?jobsource=jolist_a_relevance,['烏龜移動科技股份有限公司']
"<em class=""b-txt--highlight"">Java 軟體工程師",1年以上,台北市信義區信義路5段5號(世貿一館)4B21室,待遇面議,台北市信義區,"【工作內容】
1. Web-based Application 開發與維護. 
2. 依據負責開發的功能進行單元測試與功能測試.
3. 根據問題單進行問題追蹤與排除 

【工作常用技術】
(* 字符號為工作必需)

1. 核心技術：J2SE(8+)* / J2EE* / JSP* / jQuery*
2. 前端框架：Bootstrap / Angular8+ / Vue
3. 後端框架：spring-mvc* / spring-boot / OR-Mapping (hibernate3, spring-data Jpa) 
4. J2EE容器：Tomcat* / Weblogic
5. 資料庫:   Oracle / MSSQL / PostgreSQL
6. 測試方法: JUnit* / Postman* / soapUI
7. 專案建置: Maven*
8. 版本管控: Git* / SVN
",http://www.104.com.tw/job/4xrd1?keyword=java&amp;area=6001001000%252C6001002000&amp;page=21&amp;jobsource=jolist_a_relevance,java,專科,//www.104.com.tw/company/1a2x6bjoi1?jobsource=jolist_a_relevance,['烏龜移動科技股份有限公司']
"<em class=""b-txt--highlight"">Java Programmer ( Fintech金融科技 )",經歷不拘,台北市內湖區瑞光路,"月薪80,000~100,000元",台北市內湖區,"專業技能:
1.至少熟練一種 API 網關
2.熟Docker容器技術
3.熟練掌握Python腳本
4.理解",http://www.104.com.tw/job/77pdm?keyword=java&amp;area=6001001000%252C6001002000&amp;page=21&amp;jobsource=jolist_a_relevance,java,大學,//www.104.com.tw/company/1a2x6blitq?jobsource=jolist_a_relevance,['烏龜移動科技股份有限公司']
"<em class=""b-txt--highlight"">Java Web 軟體工程師",1年以上,台北市內湖區洲子街80號9樓,待遇面議,台北市內湖區,"1. 開發高流量電商平台 
2. 負責開發前後端(Fullstack)系統 
3. 與團隊分享新技術，主動改進與提升系统功能 
4. 願意解決bugs與系统問題 
5. 面試時歡迎攜帶作品集(畫面截圖亦可)",http://www.104.com.tw/job/6cmkc?keyword=java&amp;area=6001001000%252C6001002000&amp;page=21&amp;jobsource=jolist_a_relevance,java,專科,//www.104.com.tw/company/1a2x6bkm1b?jobsource=jolist_a_relevance,['烏龜移動科技股份有限公司']
"駐點工程師 EL210213 <em class=""b-txt--highlight"">Java(PG)",經歷不拘,台北市松山區,"月薪60,000~90,000元",台北市松山區,"""需要技能
",http://www.104.com.tw/job/77idq?keyword=java&amp;area=6001001000%252C6001002000&amp;page=21&amp;jobsource=jolist_a_relevance,java,高中,//www.104.com.tw/company/b63qis8?jobsource=jolist_a_relevance,['烏龜移動科技股份有限公司']
"<em class=""b-txt--highlight"">Java系統開發工程師",經歷不拘,新北市板橋區,"月薪32,000~45,000元",新北市板橋區,1. 金融系統開發，使用,http://www.104.com.tw/job/4u6g5?keyword=java&amp;area=6001001000%252C6001002000&amp;page=21&amp;jobsource=jolist_a_relevance,java,專科,//www.104.com.tw/company/1a2x6bjkor?jobsource=jolist_a_relevance,['烏龜移動科技股份有限公司']
"駐點工程師 EL210207 <em class=""b-txt--highlight"">Java(PG)",經歷不拘,台北市大同區忠孝東路上 (靠近善導寺站),"月薪60,000~90,000元",台北市大同區,"""資深的",http://www.104.com.tw/job/77ib4?keyword=java&amp;area=6001001000%252C6001002000&amp;page=21&amp;jobsource=jolist_a_relevance,java,高中,//www.104.com.tw/company/b63qis8?jobsource=jolist_a_relevance,['烏龜移動科技股份有限公司']
"駐點工程師 EL210222 <em class=""b-txt--highlight"">Java(PG)",經歷不拘,台北市內湖區,"月薪60,000~90,000元",台北市內湖區,"""1. 熟Angular
2. 三年以上工作經驗 3.熟",http://www.104.com.tw/job/77ihj?keyword=java&amp;area=6001001000%252C6001002000&amp;page=21&amp;jobsource=jolist_a_relevance,java,高中,//www.104.com.tw/company/b63qis8?jobsource=jolist_a_relevance,['烏龜移動科技股份有限公司']
"<em class=""b-txt--highlight"">JAVA軟體工程師 - 台北總部",2年以上,台北市中正區許昌街17號13樓,"月薪45,000~95,000元",台北市中正區,"1. 負責前端、後端學員服務系統開發與維護。
2. 跨部門溝通、整合各式系統開發需求。
3. 與現有各端系統、外部合作系統、第三方平台技術整合。",http://www.104.com.tw/job/6y6cu?keyword=java&amp;area=6001001000%252C6001002000&amp;page=21&amp;jobsource=jolist_a_relevance,java,專科,//www.104.com.tw/company/1a2x6bkzxt?jobsource=jolist_a_relevance,['烏龜移動科技股份有限公司']
"<em class=""b-txt--highlight"">Java工程師(G)",經歷不拘,台北市大同區塔城街13號,"月薪33,000~52,000元",台北市大同區,"1. 負責系統設計與程式開發、維護
2. 系統測試、系統文件撰寫",http://www.104.com.tw/job/4f8zj?keyword=java&amp;area=6001001000%252C6001002000&amp;page=21&amp;jobsource=jolist_a_relevance,java,專科,//www.104.com.tw/company/18mw4ku8?jobsource=jolist_a_relevance,['烏龜移動科技股份有限公司']
"駐點工程師 EL210209 <em class=""b-txt--highlight"">Java (SD)",經歷不拘,台北市松山區,"月薪60,000~90,000元",台北市松山區,"""1.精熟 UI技術(vue.js/",http://www.104.com.tw/job/77ic5?keyword=java&amp;area=6001001000%252C6001002000&amp;page=21&amp;jobsource=jolist_a_relevance,java,高中,//www.104.com.tw/company/b63qis8?jobsource=jolist_a_relevance,['烏龜移動科技股份有限公司']
"<em class=""b-txt--highlight"">JAVA 軟體工程師  (培養朝向SD/SA發展/薪優)",2年以上,台北市松山區敦化北路170號14樓D室,待遇面議,台北市松山區,-具有2年以上,http://www.104.com.tw/job/6i40m?keyword=java&amp;area=6001001000%252C6001002000&amp;page=21&amp;jobsource=jolist_a_relevance,java,高中,//www.104.com.tw/company/1a2x6bj2kt?jobsource=jolist_a_relevance,['烏龜移動科技股份有限公司']
"駐點工程師 EL210210 <em class=""b-txt--highlight"">Java(SA)",經歷不拘,台北市松山區,"月薪60,000~90,000元",台北市松山區,"SA * 2
具Oracle及",http://www.104.com.tw/job/77ich?keyword=java&amp;area=6001001000%252C6001002000&amp;page=21&amp;jobsource=jolist_a_relevance,java,高中,//www.104.com.tw/company/b63qis8?jobsource=jolist_a_relevance,['烏龜移動科技股份有限公司']
"<em class=""b-txt--highlight"">Java 軟體工程師",1年以上,台北市內湖區新湖一路159號六樓,待遇面議,台北市內湖區,"1. 負責產品之程式開發、測試及維護
2. 負責線上產品之優化作業
3. 瞭解MS Windows 、Linux、SQL語言
4. 工作態度熱忱、樂觀積極


✿只要你進來，這些福利享受的到 ✿
1. 優於市場競爭力的薪資。
2. 薪資之外，另有績效獎金
3. 完整且優於勞基法的休假制度，通過試用期後立即享有10天特休。
4. 三節禮金之外，生日禮金 生日假讓你開心過一天。
5.年度健康檢查(享有適當金額補助)，忙碌之餘，健康也不忘照顧到 。
6. 週週小確幸下午茶，吃飽喝足上班才有滿滿動力。

",http://www.104.com.tw/job/6y3rw?keyword=java&amp;area=6001001000%252C6001002000&amp;page=21&amp;jobsource=jolist_a_relevance,java,專科,//www.104.com.tw/company/1a2x6bl6cg?jobsource=jolist_a_relevance,['烏龜移動科技股份有限公司']
"台北-<em class=""b-txt--highlight"">Java程式開發 / 系統設計 / 系統分析 (政府公共事業客戶)",2年以上,台北市中正區,待遇面議,台北市中正區,"【關於政府公共事業客戶】 
想挑戰預算千萬至億的專案嗎 ? 想迅速駕馭大型專案的廣度與深度，讓自己level up ? 

政府公共事業的服務是廣為民眾使用，因此相關系統的穩定、耐用性、以及考量各種狀況的能力，便是很重要的考量；NEC台灣深耕此領域已久，深受政府公共事業客戶信賴，如 : 勞保局 / 交通部....等。 

【政府公共事業客戶成功案例參考】 
勞工保險局 : https://tw.nec.com/zh_TW/case/domestic/sr07/07-1.html? 
交通部民航局 : https://tw.nec.com/zh_TW/case/domestic/sr22/22-1.html? 

【職務內容】
1.軟體開發與分析：負責各項資訊專案或例行需求功能開發，包括系統設計、程式開發。
2.系統測試：進行系統單元測試、功能測試、程式碼檢核及品質分析，確保系統可靠性、穩定性、及易於維護符合資訊開發規範。
3.SD文件撰寫
4. 該職位為駐點客戶端 (近中正紀念堂捷運站)

註 : 職稱會依人選過往經歷有所調整",http://www.104.com.tw/job/6la1j?keyword=java&amp;area=6001001000%252C6001002000&amp;page=21&amp;jobsource=jolist_a_relevance,java,大學,//www.104.com.tw/company/5ok0vgo?jobsource=jolist_a_relevance,['烏龜移動科技股份有限公司']
